claim_id,score
WC711348,0.001488
WC711349,0.000789
WC711350,0.000125
WC711351,0.000186
WC711352,0.000366
WC711353,0.000161
WC711354,0.000275
WC711355,0.000339
WC711356,0.002536
WC711357,5e-06
WC711358,0.000442
WC711359,0.000245
WC711360,1.5e-05
WC711361,0.000186
WC711362,0.041912
WC711363,4.9e-05
WC711364,0.000167
WC711365,0.001595
WC711366,0.000754
WC711367,0.000547
WC711368,0.000152
WC711369,0.001173
WC711370,0.016766
WC711371,0.084723
WC711372,3.5e-05
WC711373,0.00059
WC711374,0.000128
WC711375,0.004368
WC711376,8.3e-05
WC711377,0.000704
WC711378,0.000795
WC711379,0.000658
WC711380,0.000649
WC711381,0.001141
WC711382,0.001798
WC711383,0.411974
WC711384,0.005348
WC711385,0.001114
WC711386,6.8e-05
WC711387,5.6e-05
WC711388,0.001112
WC711389,0.091629
WC711390,9.5e-05
WC711391,0.000812
WC711392,0.002555
WC711393,1.6e-05
WC711394,0.001194
WC711395,0.000215
WC711396,0.000672
WC711397,0.002882
WC711398,0.000153
WC711399,4.8e-05
WC711400,0.000121
WC711401,0.000353
WC711402,0.000165
WC711403,0.000647
WC711404,0.000308
WC711405,0.000131
WC711406,0.000663
WC711407,0.012611
WC711408,0.000376
WC711409,0.010627
WC711410,0.281724
WC711411,0.000658
WC711412,0.000338
WC711413,1.3e-05
WC711414,9.2e-05
WC711415,0.000468
WC711416,0.000972
WC711417,0.000289
WC711418,0.263937
WC711419,0.000246
WC711420,0.150959
WC711421,0.000448
WC711422,5.8e-05
WC711423,0.000104
WC711424,0.000271
WC711425,0.000248
WC711426,0.000826
WC711427,0.157026
WC711428,0.00012
WC711429,0.002365
WC711430,8.3e-05
WC711431,7e-06
WC711432,0.000238
WC711433,0.000552
WC711434,0.000926
WC711435,0.000276
WC711436,0.002584
WC711437,0.000278
WC711438,0.000789
WC711439,0.001821
WC711440,0.000119
WC711441,0.000792
WC711442,0.001766
WC711443,0.00153
WC711444,0.000993
WC711445,0.002087
WC711446,0.000177
WC711447,0.001524
WC711448,0.001659
WC711449,0.000752
WC711450,0.004131
WC711451,0.001437
WC711452,3.7e-05
WC711453,0.00382
WC711454,0.171834
WC711455,0.083685
WC711456,0.000775
WC711457,5e-06
WC711458,0.0001
WC711459,0.001256
WC711460,9.7e-05
WC711461,0.000321
WC711462,4.9e-05
WC711463,0.000745
WC711464,0.00352
WC711465,0.000536
WC711466,0.001999
WC711467,0.014625
WC711468,0.146611
WC711469,0.037055
WC711470,0.000142
WC711471,0.391566
WC711472,0.00026
WC711473,0.000422
WC711474,0.000534
WC711475,0.000225
WC711476,0.000379
WC711477,0.000815
WC711478,0.000983
WC711479,0.004546
WC711480,0.001987
WC711481,0.000215
WC711482,0.002641
WC711483,0.025235
WC711484,0.001831
WC711485,0.00051
WC711486,0.000172
WC711487,0.001798
WC711488,8.4e-05
WC711489,0.000795
WC711490,0.000633
WC711491,0.000769
WC711492,0.002095
WC711493,0.001268
WC711494,5.3e-05
WC711495,0.000591
WC711496,0.119634
WC711497,0.258812
WC711498,0.001287
WC711499,0.001329
WC711500,0.000479
WC711501,0.018562
WC711502,0.000286
WC711503,0.019008
WC711504,0.000728
WC711505,0.002006
WC711506,0.002111
WC711507,0.000538
WC711508,4.6e-05
WC711509,0.001341
WC711510,0.00013
WC711511,0.00025
WC711512,0.000417
WC711513,0.012432
WC711514,0.002949
WC711515,0.000109
WC711516,0.001198
WC711517,0.000309
WC711518,0.000259
WC711519,0.022957
WC711520,7.4e-05
WC711521,0.000495
WC711522,0.000333
WC711523,0.000279
WC711524,0.000302
WC711525,0.000348
WC711526,0.000196
WC711527,0.000144
WC711528,0.000426
WC711529,0.000159
WC711530,0.000348
WC711531,0.000148
WC711532,0.001147
WC711533,7.9e-05
WC711534,0.000551
WC711535,0.000502
WC711536,0.000163
WC711537,0.000367
WC711538,0.147423
WC711539,0.003988
WC711540,0.001753
WC711541,0.000262
WC711542,0.000303
WC711543,0.001831
WC711544,0.000193
WC711545,0.000185
WC711546,0.000406
WC711547,0.00046
WC711548,8.1e-05
WC711549,0.000571
WC711550,0.010934
WC711551,0.000413
WC711552,0.007857
WC711553,0.000246
WC711554,0.000294
WC711555,0.001014
WC711556,6.3e-05
WC711557,0.000221
WC711558,0.000198
WC711559,0.000641
WC711560,0.191169
WC711561,0.00222
WC711562,0.000846
WC711563,0.005738
WC711564,0.0071
WC711565,0.000919
WC711566,0.307014
WC711567,0.016153
WC711568,0.000216
WC711569,0.000195
WC711570,0.071953
WC711571,0.031417
WC711572,0.008947
WC711573,0.000636
WC711574,0.003217
WC711575,1.6e-05
WC711576,0.001278
WC711577,0.000343
WC711578,0.000305
WC711579,6.1e-05
WC711580,0.000895
WC711581,0.000294
WC711582,3e-05
WC711583,0.081621
WC711584,0.008501
WC711585,0.000119
WC711586,0.000448
WC711587,0.0004
WC711588,0.001505
WC711589,0.002457
WC711590,0.002736
WC711591,0.000168
WC711592,0.000358
WC711593,0.000113
WC711594,0.000546
WC711595,0.001172
WC711596,0.000279
WC711597,0.00026
WC711598,0.000121
WC711599,0.000574
WC711600,0.00025
WC711601,0.00287
WC711602,0.000995
WC711603,4.9e-05
WC711604,0.007851
WC711605,0.000105
WC711606,0.022781
WC711607,0.000411
WC711608,0.040196
WC711609,0.000484
WC711610,0.002529
WC711611,0.000125
WC711612,0.000578
WC711613,0.000738
WC711614,0.000204
WC711615,0.001075
WC711616,0.000489
WC711617,0.000502
WC711618,0.000234
WC711619,0.000529
WC711620,8.1e-05
WC711621,0.001517
WC711622,9.8e-05
WC711623,0.001972
WC711624,0.004618
WC711625,0.10496
WC711626,0.022752
WC711627,0.000589
WC711628,0.00083
WC711629,0.000233
WC711630,6.2e-05
WC711631,0.00063
WC711632,0.000523
WC711633,0.001282
WC711634,0.000152
WC711635,5.2e-05
WC711636,8.8e-05
WC711637,0.000827
WC711638,0.00017
WC711639,7.8e-05
WC711640,0.001946
WC711641,0.000234
WC711642,0.001552
WC711643,0.001034
WC711644,0.001021
WC711645,0.000151
WC711646,0.000359
WC711647,0.001927
WC711648,0.001123
WC711649,0.000563
WC711650,0.000375
WC711651,7.1e-05
WC711652,2.7e-05
WC711653,7.9e-05
WC711654,0.000584
WC711655,0.000788
WC711656,0.000237
WC711657,0.001837
WC711658,0.929584
WC711659,0.024016
WC711660,0.001555
WC711661,0.000856
WC711662,6e-05
WC711663,6.4e-05
WC711664,0.657741
WC711665,0.000449
WC711666,5.7e-05
WC711667,0.060919
WC711668,0.000852
WC711669,0.005765
WC711670,0.20765
WC711671,0.000676
WC711672,0.000559
WC711673,0.000355
WC711674,0.000817
WC711675,0.000292
WC711676,4.1e-05
WC711677,0.000175
WC711678,0.000204
WC711679,0.003309
WC711680,0.001957
WC711681,0.000835
WC711682,0.000823
WC711683,0.000627
WC711684,0.000278
WC711685,0.000117
WC711686,0.621039
WC711687,0.000943
WC711688,0.000823
WC711689,0.293864
WC711690,6.3e-05
WC711691,0.000295
WC711692,0.01309
WC711693,0.000146
WC711694,0.000732
WC711695,0.000671
WC711696,0.0001
WC711697,0.00346
WC711698,0.000808
WC711699,0.000677
WC711700,6.7e-05
WC711701,0.14175
WC711702,4.8e-05
WC711703,0.015366
WC711704,3.9e-05
WC711705,0.000136
WC711706,0.055198
WC711707,0.00031
WC711708,9.3e-05
WC711709,0.000425
WC711710,0.001808
WC711711,0.000353
WC711712,0.000486
WC711713,0.005931
WC711714,0.000491
WC711715,0.000292
WC711716,0.000493
WC711717,0.007644
WC711718,0.000236
WC711719,0.000116
WC711720,0.000736
WC711721,0.000394
WC711722,0.001275
WC711723,0.000306
WC711724,0.088788
WC711725,0.000456
WC711726,0.320913
WC711727,0.001165
WC711728,0.00022
WC711729,0.000477
WC711730,0.00067
WC711731,5.3e-05
WC711732,0.000603
WC711733,0.001475
WC711734,0.000668
WC711735,0.000299
WC711736,0.000297
WC711737,0.001168
WC711738,0.000398
WC711739,0.000862
WC711740,0.002851
WC711741,0.000521
WC711742,9.5e-05
WC711743,3.8e-05
WC711744,0.006087
WC711745,0.000166
WC711746,1.7e-05
WC711747,0.00228
WC711748,5.9e-05
WC711749,8.8e-05
WC711750,0.000122
WC711751,0.00026
WC711752,0.921526
WC711753,0.000238
WC711754,0.000226
WC711755,0.075158
WC711756,0.003919
WC711757,0.000498
WC711758,0.000214
WC711759,7.3e-05
WC711760,0.003512
WC711761,0.001408
WC711762,0.001332
WC711763,7.8e-05
WC711764,0.000346
WC711765,0.016176
WC711766,0.000884
WC711767,0.54068
WC711768,0.022415
WC711769,0.001509
WC711770,0.001993
WC711771,0.002861
WC711772,0.000213
WC711773,0.003659
WC711774,0.025739
WC711775,0.015806
WC711776,9.4e-05
WC711777,2.2e-05
WC711778,0.000472
WC711779,0.008057
WC711780,0.00018
WC711781,0.000208
WC711782,0.018202
WC711783,0.000157
WC711784,0.000113
WC711785,0.028533
WC711786,6.8e-05
WC711787,0.002247
WC711788,0.000254
WC711789,1.6e-05
WC711790,0.000611
WC711791,0.003202
WC711792,5.4e-05
WC711793,0.000175
WC711794,0.349052
WC711795,0.123807
WC711796,6e-05
WC711797,0.000159
WC711798,0.000425
WC711799,0.00018
WC711800,0.066995
WC711801,0.000265
WC711802,0.01981
WC711803,0.004866
WC711804,8.5e-05
WC711805,0.004159
WC711806,0.155435
WC711807,0.001207
WC711808,0.000652
WC711809,0.000617
WC711810,0.244509
WC711811,0.00024
WC711812,0.000129
WC711813,0.000142
WC711814,0.00127
WC711815,0.000227
WC711816,0.000816
WC711817,0.000342
WC711818,0.101036
WC711819,0.000499
WC711820,0.015408
WC711821,0.000124
WC711822,0.000526
WC711823,0.808285
WC711824,2.1e-05
WC711825,0.000441
WC711826,0.000193
WC711827,0.004983
WC711828,1e-06
WC711829,0.000102
WC711830,0.000301
WC711831,0.000835
WC711832,0.000719
WC711833,1.9e-05
WC711834,0.001958
WC711835,0.000117
WC711836,0.000318
WC711837,0.000343
WC711838,5.5e-05
WC711839,7.8e-05
WC711840,0.001593
WC711841,0.000662
WC711842,3.6e-05
WC711843,0.000247
WC711844,0.001216
WC711845,0.000468
WC711846,5.3e-05
WC711847,0.000409
WC711848,0.00178
WC711849,0.000146
WC711850,0.001069
WC711851,0.000902
WC711852,2.5e-05
WC711853,2.1e-05
WC711854,0.000172
WC711855,0.007108
WC711856,3.5e-05
WC711857,0.000826
WC711858,0.002732
WC711859,5.3e-05
WC711860,0.157824
WC711861,0.123337
WC711862,0.002145
WC711863,0.000393
WC711864,0.000226
WC711865,0.053748
WC711866,5e-06
WC711867,0.033962
WC711868,0.000912
WC711869,0.013754
WC711870,0.005237
WC711871,0.000894
WC711872,0.0002
WC711873,0.00018
WC711874,0.002992
WC711875,0.000113
WC711876,6.2e-05
WC711877,0.00033
WC711878,3.6e-05
WC711879,0.019244
WC711880,7.6e-05
WC711881,0.000647
WC711882,0.000415
WC711883,7.6e-05
WC711884,0.000974
WC711885,0.007394
WC711886,0.001111
WC711887,0.975252
WC711888,0.133676
WC711889,0.000201
WC711890,0.000249
WC711891,0.000861
WC711892,6.9e-05
WC711893,8e-06
WC711894,0.000141
WC711895,0.001093
WC711896,6.4e-05
WC711897,0.004476
WC711898,0.005303
WC711899,0.000973
WC711900,0.000155
WC711901,0.000445
WC711902,0.001257
WC711903,0.000286
WC711904,0.000229
WC711905,0.00275
WC711906,0.000926
WC711907,0.240613
WC711908,0.250878
WC711909,0.000273
WC711910,0.000335
WC711911,9.6e-05
WC711912,7.4e-05
WC711913,0.00021
WC711914,0.001803
WC711915,0.001029
WC711916,1.2e-05
WC711917,0.022024
WC711918,0.000147
WC711919,0.000784
WC711920,0.000788
WC711921,0.000175
WC711922,0.000677
WC711923,0.001
WC711924,0.001998
WC711925,0.020589
WC711926,8.1e-05
WC711927,0.000276
WC711928,0.000846
WC711929,0.000434
WC711930,0.000305
WC711931,0.001301
WC711932,0.000312
WC711933,0.000925
WC711934,0.000117
WC711935,0.279103
WC711936,0.000128
WC711937,0.000178
WC711938,0.001698
WC711939,0.000249
WC711940,0.000335
WC711941,0.000709
WC711942,0.003274
WC711943,0.00015
WC711944,0.000947
WC711945,0.00317
WC711946,0.7129
WC711947,0.000963
WC711948,0.010695
WC711949,0.00028
WC711950,0.252965
WC711951,8.5e-05
WC711952,0.000504
WC711953,0.000221
WC711954,0.000229
WC711955,0.005242
WC711956,0.000785
WC711957,8.6e-05
WC711958,0.017264
WC711959,0.000405
WC711960,0.001411
WC711961,0.001028
WC711962,0.000389
WC711963,0.000138
WC711964,0.008088
WC711965,0.000291
WC711966,0.000334
WC711967,5.7e-05
WC711968,0.000211
WC711969,0.000693
WC711970,0.000168
WC711971,0.000828
WC711972,0.000188
WC711973,0.001127
WC711974,0.000301
WC711975,0.00067
WC711976,0.09434
WC711977,0.005558
WC711978,0.000224
WC711979,0.000954
WC711980,0.00033
WC711981,0.000153
WC711982,0.000228
WC711983,0.002662
WC711984,0.332842
WC711985,3.3e-05
WC711986,0.000174
WC711987,0.008078
WC711988,0.000145
WC711989,0.000269
WC711990,0.000627
WC711991,0.047728
WC711992,0.000657
WC711993,0.000186
WC711994,0.000148
WC711995,0.000712
WC711996,0.016905
WC711997,0.000459
WC711998,0.000242
WC711999,0.000205
WC712000,0.087392
WC712001,4.9e-05
WC712002,0.000416
WC712003,0.002192
WC712004,0.004609
WC712005,4.7e-05
WC712006,0.000315
WC712007,0.000246
WC712008,0.119915
WC712009,0.000122
WC712010,0.001619
WC712011,0.00058
WC712012,0.607726
WC712013,0.000338
WC712014,4.6e-05
WC712015,0.161734
WC712016,0.000355
WC712017,0.000111
WC712018,0.001109
WC712019,0.000135
WC712020,0.000716
WC712021,0.30266
WC712022,3.4e-05
WC712023,0.000756
WC712024,0.001549
WC712025,0.060373
WC712026,0.001596
WC712027,0.551317
WC712028,0.005144
WC712029,3.5e-05
WC712030,8e-05
WC712031,0.00382
WC712032,0.000932
WC712033,7e-06
WC712034,0.000107
WC712035,0.000164
WC712036,7.5e-05
WC712037,0.00132
WC712038,0.000287
WC712039,0.153742
WC712040,0.00114
WC712041,0.000554
WC712042,0.00011
WC712043,0.060819
WC712044,0.000147
WC712045,0.000513
WC712046,0.000906
WC712047,0.005354
WC712048,0.00028
WC712049,0.000244
WC712050,7.5e-05
WC712051,0.012714
WC712052,0.000579
WC712053,0.001108
WC712054,0.000725
WC712055,0.000119
WC712056,0.000156
WC712057,0.015393
WC712058,0.006364
WC712059,0.000115
WC712060,2.7e-05
WC712061,0.003509
WC712062,0.001696
WC712063,0.004716
WC712064,0.000681
WC712065,0.000614
WC712066,0.000131
WC712067,0.02491
WC712068,0.003032
WC712069,0.000577
WC712070,0.000385
WC712071,0.001081
WC712072,9.4e-05
WC712073,0.107196
WC712074,0.001468
WC712075,0.000788
WC712076,0.051515
WC712077,0.000484
WC712078,0.000336
WC712079,0.003036
WC712080,0.134825
WC712081,0.003036
WC712082,0.00019
WC712083,4e-06
WC712084,5.5e-05
WC712085,0.0001
WC712086,0.001636
WC712087,0.000725
WC712088,0.000104
WC712089,0.000121
WC712090,1.2e-05
WC712091,0.001549
WC712092,0.950865
WC712093,0.000263
WC712094,6.9e-05
WC712095,0.000362
WC712096,0.000269
WC712097,0.005283
WC712098,9.2e-05
WC712099,0.011039
WC712100,0.000748
WC712101,0.001794
WC712102,0.000142
WC712103,0.001153
WC712104,0.015996
WC712105,5.8e-05
WC712106,0.000327
WC712107,7.7e-05
WC712108,6.5e-05
WC712109,0.000471
WC712110,0.001113
WC712111,0.00049
WC712112,0.00097
WC712113,0.000839
WC712114,0.000146
WC712115,0.000171
WC712116,0.001069
WC712117,0.000153
WC712118,3.6e-05
WC712119,0.000152
WC712120,0.000354
WC712121,6.1e-05
WC712122,0.000257
WC712123,0.000419
WC712124,0.00046
WC712125,0.000158
WC712126,9e-05
WC712127,0.000483
WC712128,0.945508
WC712129,0.000149
WC712130,0.000453
WC712131,0.000544
WC712132,0.00089
WC712133,0.002304
WC712134,0.000141
WC712135,0.003244
WC712136,0.000322
WC712137,0.000537
WC712138,0.476275
WC712139,0.00011
WC712140,0.000314
WC712141,0.004233
WC712142,0.000273
WC712143,0.000412
WC712144,0.000235
WC712145,0.000118
WC712146,0.000701
WC712147,9.8e-05
WC712148,0.002118
WC712149,2.4e-05
WC712150,0.000639
WC712151,6.9e-05
WC712152,0.015752
WC712153,0.00012
WC712154,0.000293
WC712155,0.00071
WC712156,0.204153
WC712157,0.003403
WC712158,0.002241
WC712159,0.015369
WC712160,0.000462
WC712161,0.000197
WC712162,0.000801
WC712163,0.007018
WC712164,0.000339
WC712165,0.003624
WC712166,0.000142
WC712167,0.000609
WC712168,0.001297
WC712169,0.001172
WC712170,0.000458
WC712171,0.000322
WC712172,0.086333
WC712173,0.200164
WC712174,0.004275
WC712175,0.00025
WC712176,0.000657
WC712177,0.001327
WC712178,0.002023
WC712179,0.00296
WC712180,0.861055
WC712181,0.002432
WC712182,0.000398
WC712183,0.001566
WC712184,0.033228
WC712185,0.025911
WC712186,0.28879
WC712187,0.027182
WC712188,0.000775
WC712189,0.000675
WC712190,0.00014
WC712191,2.1e-05
WC712192,0.000185
WC712193,0.000464
WC712194,6.4e-05
WC712195,1.1e-05
WC712196,0.000983
WC712197,4.9e-05
WC712198,0.002546
WC712199,0.000791
WC712200,0.002319
WC712201,0.001803
WC712202,0.000835
WC712203,9.6e-05
WC712204,0.001483
WC712205,0.000386
WC712206,0.001254
WC712207,7.8e-05
WC712208,0.000119
WC712209,4.1e-05
WC712210,0.00121
WC712211,0.000285
WC712212,0.000275
WC712213,0.003628
WC712214,0.000421
WC712215,0.00044
WC712216,6.7e-05
WC712217,0.000141
WC712218,0.001421
WC712219,0.002242
WC712220,0.000178
WC712221,0.010964
WC712222,0.243902
WC712223,0.000684
WC712224,0.00026
WC712225,0.002033
WC712226,0.792848
WC712227,0.067617
WC712228,0.306273
WC712229,0.001958
WC712230,6.6e-05
WC712231,6.8e-05
WC712232,0.046232
WC712233,0.00012
WC712234,0.058521
WC712235,0.000796
WC712236,0.000198
WC712237,0.000228
WC712238,0.000391
WC712239,0.01211
WC712240,8.8e-05
WC712241,0.000106
WC712242,0.000294
WC712243,0.000141
WC712244,0.000759
WC712245,0.000113
WC712246,0.000213
WC712247,0.000312
WC712248,0.000834
WC712249,5.9e-05
WC712250,0.054192
WC712251,0.00121
WC712252,0.641412
WC712253,9.5e-05
WC712254,0.001946
WC712255,0.00106
WC712256,9.8e-05
WC712257,5.2e-05
WC712258,0.001
WC712259,0.000263
WC712260,0.000275
WC712261,0.000743
WC712262,0.000986
WC712263,0.000352
WC712264,1.1e-05
WC712265,0.000743
WC712266,4.4e-05
WC712267,6.6e-05
WC712268,0.002983
WC712269,0.000542
WC712270,0.000119
WC712271,0.012779
WC712272,0.000185
WC712273,0.048898
WC712274,0.007699
WC712275,0.000539
WC712276,0.000135
WC712277,0.000401
WC712278,8.9e-05
WC712279,0.000626
WC712280,0.000447
WC712281,0.003762
WC712282,0.000492
WC712283,0.07072
WC712284,0.000103
WC712285,0.000605
WC712286,0.00011
WC712287,0.002601
WC712288,0.0001
WC712289,0.577828
WC712290,0.003361
WC712291,0.00024
WC712292,0.000383
WC712293,4.1e-05
WC712294,0.084825
WC712295,0.000406
WC712296,0.000638
WC712297,0.000582
WC712298,6.1e-05
WC712299,0.000119
WC712300,1.2e-05
WC712301,0.011011
WC712302,0.000115
WC712303,0.001613
WC712304,0.000754
WC712305,3.4e-05
WC712306,0.000185
WC712307,0.000146
WC712308,0.297049
WC712309,0.000602
WC712310,0.001186
WC712311,0.000142
WC712312,0.010256
WC712313,3.4e-05
WC712314,0.001739
WC712315,0.000631
WC712316,0.000924
WC712317,8.4e-05
WC712318,0.037662
WC712319,0.000911
WC712320,0.006663
WC712321,0.000505
WC712322,0.000327
WC712323,0.000149
WC712324,0.001366
WC712325,0.002165
WC712326,5.1e-05
WC712327,0.000219
WC712328,0.000896
WC712329,0.645096
WC712330,0.011016
WC712331,0.000227
WC712332,6e-05
WC712333,0.000439
WC712334,0.005521
WC712335,6.7e-05
WC712336,7.4e-05
WC712337,0.002306
WC712338,4.7e-05
WC712339,0.000435
WC712340,0.003633
WC712341,0.000202
WC712342,0.002367
WC712343,0.003473
WC712344,0.000823
WC712345,0.000751
WC712346,0.001391
WC712347,0.885452
WC712348,0.000945
WC712349,0.000378
WC712350,0.000194
WC712351,8.2e-05
WC712352,0.000812
WC712353,0.000491
WC712354,0.006454
WC712355,0.000442
WC712356,0.044683
WC712357,0.00018
WC712358,0.769585
WC712359,0.000138
WC712360,0.000265
WC712361,0.000204
WC712362,0.000366
WC712363,5.2e-05
WC712364,0.088224
WC712365,0.06167
WC712366,0.000172
WC712367,0.000421
WC712368,0.006034
WC712369,0.001028
WC712370,0.002671
WC712371,0.003548
WC712372,0.004415
WC712373,0.000396
WC712374,0.000787
WC712375,0.001587
WC712376,6.1e-05
WC712377,0.00061
WC712378,0.049687
WC712379,0.000492
WC712380,0.078156
WC712381,0.51698
WC712382,0.032971
WC712383,0.000414
WC712384,0.000398
WC712385,0.000659
WC712386,0.000162
WC712387,0.004766
WC712388,0.00178
WC712389,0.000654
WC712390,0.000276
WC712391,0.012646
WC712392,0.000465
WC712393,0.0011
WC712394,0.000132
WC712395,0.00015
WC712396,0.000177
WC712397,0.012218
WC712398,3.7e-05
WC712399,0.003288
WC712400,0.979738
WC712401,0.004434
WC712402,0.213822
WC712403,3e-05
WC712404,0.000174
WC712405,0.007295
WC712406,0.000575
WC712407,0.000911
WC712408,0.002712
WC712409,0.005417
WC712410,0.000186
WC712411,0.00019
WC712412,0.012011
WC712413,0.000338
WC712414,0.001777
WC712415,0.000695
WC712416,0.000569
WC712417,0.000225
WC712418,0.00418
WC712419,0.000135
WC712420,0.000141
WC712421,0.000956
WC712422,0.000265
WC712423,1.4e-05
WC712424,0.002588
WC712425,0.016977
WC712426,0.002268
WC712427,0.00259
WC712428,0.000187
WC712429,0.023212
WC712430,0.000131
WC712431,0.000548
WC712432,0.019324
WC712433,0.000348
WC712434,0.00271
WC712435,0.227022
WC712436,0.000433
WC712437,8.6e-05
WC712438,0.001249
WC712439,0.002337
WC712440,0.000331
WC712441,0.03421
WC712442,0.003626
WC712443,0.000129
WC712444,0.000278
WC712445,0.0006
WC712446,0.00044
WC712447,0.000211
WC712448,0.000327
WC712449,0.001616
WC712450,0.000253
WC712451,9e-06
WC712452,0.091236
WC712453,0.0033
WC712454,0.000806
WC712455,0.009685
WC712456,0.000567
WC712457,0.000205
WC712458,0.001591
WC712459,0.000846
WC712460,0.000245
WC712461,0.000585
WC712462,0.000579
WC712463,0.00157
WC712464,6.5e-05
WC712465,0.064544
WC712466,0.000198
WC712467,0.01856
WC712468,0.000134
WC712469,0.00195
WC712470,0.00044
WC712471,0.000559
WC712472,0.00025
WC712473,0.000319
WC712474,0.001191
WC712475,0.001054
WC712476,7e-05
WC712477,0.487484
WC712478,0.003113
WC712479,0.001788
WC712480,0.189167
WC712481,0.000169
WC712482,0.063972
WC712483,0.000259
WC712484,0.000763
WC712485,0.000136
WC712486,0.055596
WC712487,0.001131
WC712488,0.000865
WC712489,0.005846
WC712490,9.6e-05
WC712491,0.06483
WC712492,0.000456
WC712493,0.288633
WC712494,3.5e-05
WC712495,0.000198
WC712496,0.002064
WC712497,8.1e-05
WC712498,0.000101
WC712499,0.000284
WC712500,1.7e-05
WC712501,5e-05
WC712502,0.000475
WC712503,0.000878
WC712504,0.001231
WC712505,2.7e-05
WC712506,0.02664
WC712507,0.003295
WC712508,0.008101
WC712509,8.3e-05
WC712510,0.001519
WC712511,0.000234
WC712512,0.000278
WC712513,0.000567
WC712514,0.000245
WC712515,0.000181
WC712516,0.001369
WC712517,6.6e-05
WC712518,0.000199
WC712519,0.034975
WC712520,0.001013
WC712521,0.002755
WC712522,6.1e-05
WC712523,5.7e-05
WC712524,2.3e-05
WC712525,0.000565
WC712526,0.111307
WC712527,7.3e-05
WC712528,0.000682
WC712529,0.000268
WC712530,0.016226
WC712531,0.000237
WC712532,0.0005
WC712533,0.002066
WC712534,0.000376
WC712535,0.002492
WC712536,0.000763
WC712537,0.000851
WC712538,0.299641
WC712539,0.000436
WC712540,0.001266
WC712541,1.6e-05
WC712542,0.000152
WC712543,0.000335
WC712544,0.00179
WC712545,0.000116
WC712546,0.00806
WC712547,0.000267
WC712548,0.000322
WC712549,0.000274
WC712550,0.000388
WC712551,0.000204
WC712552,0.003747
WC712553,0.002475
WC712554,0.000314
WC712555,4.1e-05
WC712556,0.00734
WC712557,0.000269
WC712558,0.000573
WC712559,0.000441
WC712560,8.6e-05
WC712561,0.000446
WC712562,0.000774
WC712563,0.000141
WC712564,7.9e-05
WC712565,0.000964
WC712566,0.000685
WC712567,0.005603
WC712568,0.000387
WC712569,0.054332
WC712570,6e-06
WC712571,0.000112
WC712572,0.000148
WC712573,0.002553
WC712574,0.000241
WC712575,0.000588
WC712576,0.000554
WC712577,0.000507
WC712578,0.001111
WC712579,0.0011
WC712580,1.5e-05
WC712581,0.001106
WC712582,0.000243
WC712583,0.000187
WC712584,0.000181
WC712585,6.6e-05
WC712586,0.000394
WC712587,0.000684
WC712588,0.002239
WC712589,0.0003
WC712590,0.000244
WC712591,0.048602
WC712592,0.000258
WC712593,0.000525
WC712594,1.6e-05
WC712595,0.000488
WC712596,7.6e-05
WC712597,0.000107
WC712598,0.000379
WC712599,6.2e-05
WC712600,0.000247
WC712601,0.000264
WC712602,7.2e-05
WC712603,0.004964
WC712604,0.0003
WC712605,0.000409
WC712606,4.6e-05
WC712607,0.000768
WC712608,3.6e-05
WC712609,0.000923
WC712610,0.019838
WC712611,0.000396
WC712612,0.002444
WC712613,0.000213
WC712614,0.000141
WC712615,4.4e-05
WC712616,2.7e-05
WC712617,0.002908
WC712618,2.3e-05
WC712619,0.000114
WC712620,0.000337
WC712621,0.00041
WC712622,0.001157
WC712623,0.000121
WC712624,0.075563
WC712625,1.2e-05
WC712626,0.000365
WC712627,0.000372
WC712628,0.000843
WC712629,0.000502
WC712630,0.115743
WC712631,0.002754
WC712632,0.000115
WC712633,0.000814
WC712634,0.000328
WC712635,0.0001
WC712636,0.000224
WC712637,6.8e-05
WC712638,5.9e-05
WC712639,0.000384
WC712640,0.540046
WC712641,0.000592
WC712642,0.036213
WC712643,1.5e-05
WC712644,0.069384
WC712645,0.000731
WC712646,0.000187
WC712647,0.00037
WC712648,0.002014
WC712649,0.001075
WC712650,0.001121
WC712651,0.000301
WC712652,0.000167
WC712653,5.6e-05
WC712654,0.0002
WC712655,0.002373
WC712656,0.00083
WC712657,0.000187
WC712658,0.001378
WC712659,0.853771
WC712660,0.005102
WC712661,0.015928
WC712662,0.000457
WC712663,1.6e-05
WC712664,0.005299
WC712665,0.054513
WC712666,0.000683
WC712667,0.000418
WC712668,0.000359
WC712669,0.731742
WC712670,0.000346
WC712671,0.00155
WC712672,0.002751
WC712673,0.000726
WC712674,4.5e-05
WC712675,0.000728
WC712676,0.067856
WC712677,0.000155
WC712678,0.002026
WC712679,0.000371
WC712680,0.000529
WC712681,0.000429
WC712682,0.002631
WC712683,1.9e-05
WC712684,2.3e-05
WC712685,5.2e-05
WC712686,0.003354
WC712687,0.0
WC712688,0.000303
WC712689,1.2e-05
WC712690,0.000435
WC712691,0.000121
WC712692,0.00093
WC712693,6e-05
WC712694,0.000179
WC712695,0.000613
WC712696,0.000108
WC712697,0.019211
WC712698,0.005211
WC712699,0.000414
WC712700,0.008193
WC712701,0.001277
WC712702,0.068777
WC712703,0.00024
WC712704,0.001023
WC712705,0.001087
WC712706,0.00452
WC712707,0.0001
WC712708,0.000216
WC712709,0.028818
WC712710,5.7e-05
WC712711,0.000707
WC712712,0.011071
WC712713,0.000806
WC712714,0.00021
WC712715,0.040433
WC712716,0.000193
WC712717,0.007296
WC712718,0.00034
WC712719,0.003125
WC712720,0.001176
WC712721,0.000211
WC712722,1.1e-05
WC712723,3e-05
WC712724,0.914259
WC712725,0.000439
WC712726,4.4e-05
WC712727,0.00255
WC712728,0.001372
WC712729,0.00041
WC712730,0.000741
WC712731,0.000154
WC712732,2.9e-05
WC712733,0.001185
WC712734,0.153959
WC712735,0.815335
WC712736,0.000656
WC712737,0.000111
WC712738,0.000181
WC712739,0.213742
WC712740,9.7e-05
WC712741,0.000203
WC712742,0.009836
WC712743,0.000363
WC712744,7.4e-05
WC712745,0.000225
WC712746,0.000149
WC712747,0.000123
WC712748,0.07681
WC712749,0.054834
WC712750,0.008226
WC712751,0.04848
WC712752,0.020198
WC712753,2.2e-05
WC712754,0.847313
WC712755,0.000217
WC712756,1.9e-05
WC712757,0.00026
WC712758,0.002156
WC712759,0.000102
WC712760,0.000252
WC712761,0.000104
WC712762,5.7e-05
WC712763,0.000887
WC712764,0.001113
WC712765,4.3e-05
WC712766,0.000693
WC712767,0.009616
WC712768,0.004986
WC712769,0.001932
WC712770,0.000594
WC712771,0.000584
WC712772,6.5e-05
WC712773,0.001079
WC712774,0.000636
WC712775,0.00024
WC712776,0.030448
WC712777,0.014248
WC712778,0.000864
WC712779,8.3e-05
WC712780,0.870907
WC712781,0.00048
WC712782,0.00041
WC712783,0.000535
WC712784,0.003636
WC712785,0.001053
WC712786,0.961086
WC712787,0.001183
WC712788,0.028131
WC712789,0.000895
WC712790,0.003359
WC712791,0.001741
WC712792,8.3e-05
WC712793,0.000408
WC712794,0.00724
WC712795,0.000259
WC712796,0.000768
WC712797,0.000195
WC712798,7.6e-05
WC712799,0.001069
WC712800,0.000175
WC712801,0.069753
WC712802,0.000283
WC712803,0.00021
WC712804,0.002717
WC712805,0.001077
WC712806,0.001248
WC712807,6.8e-05
WC712808,0.000361
WC712809,4.2e-05
WC712810,0.014368
WC712811,0.000124
WC712812,0.772159
WC712813,0.030573
WC712814,0.001637
WC712815,0.000649
WC712816,0.000298
WC712817,0.002566
WC712818,0.003057
WC712819,1e-06
WC712820,0.002624
WC712821,0.001366
WC712822,0.000353
WC712823,0.000487
WC712824,0.000212
WC712825,0.000256
WC712826,5.4e-05
WC712827,0.000134
WC712828,0.000419
WC712829,0.000489
WC712830,4.7e-05
WC712831,0.000344
WC712832,0.763824
WC712833,0.3757
WC712834,0.000607
WC712835,0.026635
WC712836,0.000106
WC712837,0.000182
WC712838,0.000465
WC712839,6.9e-05
WC712840,0.081104
WC712841,0.000806
WC712842,0.000146
WC712843,0.001291
WC712844,0.061753
WC712845,0.000615
WC712846,0.002081
WC712847,0.001565
WC712848,0.001059
WC712849,9.6e-05
WC712850,0.00043
WC712851,0.00082
WC712852,0.008837
WC712853,0.000991
WC712854,0.001458
WC712855,0.002663
WC712856,0.000196
WC712857,1.9e-05
WC712858,0.001621
WC712859,5.9e-05
WC712860,0.000526
WC712861,0.002983
WC712862,0.003021
WC712863,0.000165
WC712864,0.000144
WC712865,0.00014
WC712866,0.0015
WC712867,0.000705
WC712868,0.000699
WC712869,0.000501
WC712870,6.3e-05
WC712871,0.000409
WC712872,4.3e-05
WC712873,8e-05
WC712874,0.000737
WC712875,0.000601
WC712876,0.000526
WC712877,0.014526
WC712878,0.000139
WC712879,4.8e-05
WC712880,0.007
WC712881,0.000121
WC712882,3.2e-05
WC712883,0.00096
WC712884,0.000326
WC712885,0.004536
WC712886,0.016819
WC712887,0.000181
WC712888,0.000143
WC712889,0.000498
WC712890,0.00084
WC712891,0.003833
WC712892,0.106838
WC712893,0.000112
WC712894,0.002246
WC712895,0.015904
WC712896,0.020315
WC712897,6.8e-05
WC712898,0.007925
WC712899,0.059937
WC712900,0.110763
WC712901,0.134663
WC712902,0.002017
WC712903,0.003926
WC712904,5.7e-05
WC712905,0.000311
WC712906,0.00103
WC712907,0.964222
WC712908,0.001782
WC712909,0.000116
WC712910,0.008596
WC712911,0.000185
WC712912,0.00116
WC712913,0.001351
WC712914,0.000324
WC712915,0.002034
WC712916,0.020973
WC712917,0.000487
WC712918,0.905285
WC712919,0.003812
WC712920,0.011751
WC712921,0.678647
WC712922,0.059632
WC712923,0.002326
WC712924,0.00083
WC712925,0.000302
WC712926,0.09233
WC712927,0.000294
WC712928,0.000102
WC712929,0.00027
WC712930,0.046396
WC712931,6.1e-05
WC712932,0.000183
WC712933,0.208094
WC712934,0.000311
WC712935,0.000129
WC712936,1e-05
WC712937,0.004898
WC712938,0.56539
WC712939,0.000159
WC712940,0.000668
WC712941,0.000959
WC712942,0.000682
WC712943,0.04244
WC712944,0.002888
WC712945,6.8e-05
WC712946,0.000138
WC712947,0.00026
WC712948,0.001196
WC712949,0.000225
WC712950,0.000255
WC712951,0.016681
WC712952,4.7e-05
WC712953,0.000949
WC712954,0.001097
WC712955,0.023595
WC712956,0.033271
WC712957,0.002155
WC712958,0.00123
WC712959,0.000219
WC712960,0.002783
WC712961,1.6e-05
WC712962,0.003325
WC712963,0.00118
WC712964,8.7e-05
WC712965,0.000235
WC712966,0.000304
WC712967,0.000488
WC712968,5.3e-05
WC712969,0.000234
WC712970,0.000147
WC712971,0.002281
WC712972,0.302743
WC712973,0.00087
WC712974,0.019378
WC712975,7.6e-05
WC712976,0.000511
WC712977,3e-05
WC712978,0.125161
WC712979,0.047166
WC712980,0.00011
WC712981,0.001831
WC712982,0.048269
WC712983,0.000482
WC712984,9e-05
WC712985,0.000214
WC712986,0.000849
WC712987,4.1e-05
WC712988,0.000589
WC712989,0.000235
WC712990,0.026318
WC712991,9e-06
WC712992,0.000374
WC712993,0.000151
WC712994,0.000125
WC712995,0.04652
WC712996,3e-05
WC712997,0.000196
WC712998,0.000293
WC712999,0.001846
WC713000,0.046077
WC713001,0.000131
WC713002,0.000116
WC713003,7.6e-05
WC713004,0.000606
WC713005,0.000326
WC713006,0.00071
WC713007,0.000387
WC713008,0.001019
WC713009,0.000309
WC713010,3.8e-05
WC713011,8.8e-05
WC713012,0.000497
WC713013,0.000136
WC713014,0.000464
WC713015,0.000196
WC713016,0.069324
WC713017,0.002044
WC713018,0.001077
WC713019,0.002013
WC713020,0.706752
WC713021,5.1e-05
WC713022,0.001271
WC713023,0.000758
WC713024,0.001053
WC713025,0.000133
WC713026,0.000192
WC713027,0.103965
WC713028,0.138156
WC713029,0.898392
WC713030,0.003362
WC713031,0.003258
WC713032,0.000293
WC713033,0.000312
WC713034,4.3e-05
WC713035,0.000141
WC713036,0.229463
WC713037,0.001888
WC713038,0.000878
WC713039,0.000136
WC713040,0.402615
WC713041,4.5e-05
WC713042,0.000215
WC713043,0.000882
WC713044,0.000162
WC713045,1.7e-05
WC713046,0.000817
WC713047,0.002342
WC713048,0.022273
WC713049,0.000173
WC713050,0.000409
WC713051,0.000709
WC713052,0.708556
WC713053,0.00132
WC713054,0.000236
WC713055,0.000311
WC713056,0.833694
WC713057,0.032258
WC713058,0.94545
WC713059,0.000132
WC713060,0.00021
WC713061,0.000201
WC713062,0.00024
WC713063,0.001291
WC713064,0.001089
WC713065,0.000354
WC713066,6.7e-05
WC713067,1.6e-05
WC713068,0.032644
WC713069,0.004015
WC713070,0.001709
WC713071,0.018793
WC713072,0.000355
WC713073,0.000991
WC713074,6.3e-05
WC713075,0.001806
WC713076,8.8e-05
WC713077,0.001874
WC713078,0.000203
WC713079,0.001132
WC713080,0.000299
WC713081,0.000984
WC713082,0.000121
WC713083,0.005633
WC713084,0.000318
WC713085,9e-05
WC713086,0.000157
WC713087,0.000201
WC713088,0.004821
WC713089,0.000553
WC713090,0.000728
WC713091,3.1e-05
WC713092,4e-05
WC713093,0.000121
WC713094,7.3e-05
WC713095,1e-05
WC713096,0.000132
WC713097,0.000363
WC713098,0.301109
WC713099,0.001906
WC713100,0.000907
WC713101,0.000468
WC713102,7.6e-05
WC713103,0.003509
WC713104,0.088274
WC713105,6.4e-05
WC713106,0.111811
WC713107,0.000172
WC713108,0.000109
WC713109,4.2e-05
WC713110,3.4e-05
WC713111,0.000355
WC713112,5.8e-05
WC713113,3.9e-05
WC713114,0.000236
WC713115,0.00161
WC713116,0.004428
WC713117,0.430976
WC713118,0.425467
WC713119,0.000214
WC713120,0.004703
WC713121,0.000688
WC713122,0.395734
WC713123,3.6e-05
WC713124,2.3e-05
WC713125,0.000652
WC713126,4.4e-05
WC713127,0.003908
WC713128,0.000194
WC713129,0.000129
WC713130,9.4e-05
WC713131,0.000312
WC713132,0.000329
WC713133,0.001927
WC713134,0.17566
WC713135,0.000322
WC713136,0.013103
WC713137,0.001031
WC713138,8.2e-05
WC713139,9.6e-05
WC713140,0.693957
WC713141,0.000123
WC713142,0.000241
WC713143,0.000134
WC713144,7e-05
WC713145,0.000761
WC713146,0.000342
WC713147,0.075317
WC713148,0.000537
WC713149,0.001472
WC713150,0.00215
WC713151,0.001025
WC713152,0.000791
WC713153,0.002471
WC713154,0.000341
WC713155,0.059826
WC713156,0.000237
WC713157,0.063444
WC713158,0.000367
WC713159,0.013466
WC713160,0.162103
WC713161,0.000414
WC713162,0.000309
WC713163,0.000206
WC713164,7.6e-05
WC713165,2e-05
WC713166,7.2e-05
WC713167,0.000101
WC713168,0.000105
WC713169,0.000285
WC713170,6.9e-05
WC713171,0.000144
WC713172,0.00555
WC713173,0.001093
WC713174,0.00037
WC713175,0.000524
WC713176,0.000105
WC713177,0.000158
WC713178,0.000134
WC713179,0.001075
WC713180,0.004904
WC713181,0.000933
WC713182,0.021699
WC713183,0.000462
WC713184,4.1e-05
WC713185,0.000437
WC713186,0.000728
WC713187,0.000172
WC713188,8.7e-05
WC713189,0.000368
WC713190,0.000237
WC713191,0.916551
WC713192,0.00017
WC713193,0.00856
WC713194,0.002569
WC713195,2.7e-05
WC713196,0.119804
WC713197,0.000672
WC713198,0.001356
WC713199,0.000691
WC713200,0.000263
WC713201,3.2e-05
WC713202,0.000377
WC713203,0.000463
WC713204,0.000818
WC713205,0.017056
WC713206,0.000168
WC713207,0.000262
WC713208,0.000159
WC713209,1.4e-05
WC713210,0.001234
WC713211,0.000494
WC713212,0.000241
WC713213,0.013016
WC713214,5.2e-05
WC713215,0.00041
WC713216,0.005601
WC713217,0.00013
WC713218,0.000235
WC713219,0.000404
WC713220,6.8e-05
WC713221,3.5e-05
WC713222,0.670144
WC713223,0.37022
WC713224,0.935556
WC713225,0.001546
WC713226,6e-06
WC713227,0.000241
WC713228,0.0023
WC713229,0.335557
WC713230,0.000159
WC713231,0.002911
WC713232,3.2e-05
WC713233,8.7e-05
WC713234,0.000271
WC713235,0.000419
WC713236,0.000303
WC713237,0.000897
WC713238,0.287234
WC713239,0.00037
WC713240,4.4e-05
WC713241,0.000418
WC713242,0.000374
WC713243,0.000115
WC713244,0.001011
WC713245,0.000271
WC713246,0.000368
WC713247,2.3e-05
WC713248,0.002014
WC713249,3.9e-05
WC713250,0.050294
WC713251,1.6e-05
WC713252,0.000623
WC713253,0.001712
WC713254,0.000105
WC713255,0.011771
WC713256,9.2e-05
WC713257,0.001245
WC713258,0.000298
WC713259,0.000757
WC713260,0.139225
WC713261,5e-05
WC713262,0.004395
WC713263,0.000615
WC713264,0.015907
WC713265,0.000654
WC713266,0.000596
WC713267,0.006525
WC713268,0.001048
WC713269,9.6e-05
WC713270,0.000302
WC713271,0.000775
WC713272,0.001456
WC713273,2.4e-05
WC713274,0.00061
WC713275,0.000934
WC713276,0.001217
WC713277,0.000471
WC713278,0.034261
WC713279,0.002275
WC713280,9.7e-05
WC713281,0.002714
WC713282,4e-05
WC713283,0.066347
WC713284,0.000292
WC713285,0.000197
WC713286,0.001103
WC713287,0.001159
WC713288,0.000342
WC713289,0.662132
WC713290,0.000205
WC713291,6.4e-05
WC713292,0.024995
WC713293,6.1e-05
WC713294,0.000445
WC713295,7.5e-05
WC713296,0.000289
WC713297,0.000109
WC713298,0.000743
WC713299,0.000547
WC713300,0.022362
WC713301,0.000465
WC713302,0.002387
WC713303,4.6e-05
WC713304,0.04707
WC713305,0.000935
WC713306,0.007696
WC713307,0.00014
WC713308,0.000361
WC713309,0.000449
WC713310,0.000535
WC713311,0.000237
WC713312,0.000197
WC713313,0.000113
WC713314,8.2e-05
WC713315,0.03472
WC713316,0.041622
WC713317,0.000604
WC713318,0.069993
WC713319,5e-06
WC713320,0.00081
WC713321,1.2e-05
WC713322,0.001878
WC713323,5.5e-05
WC713324,0.000166
WC713325,0.009966
WC713326,0.000697
WC713327,3.8e-05
WC713328,0.001724
WC713329,0.000252
WC713330,0.010053
WC713331,0.059851
WC713332,0.000524
WC713333,0.000298
WC713334,0.146737
WC713335,0.000583
WC713336,0.000111
WC713337,0.000373
WC713338,0.000505
WC713339,2.6e-05
WC713340,0.044658
WC713341,0.001992
WC713342,0.282359
WC713343,0.000203
WC713344,7.7e-05
WC713345,0.001073
WC713346,0.000537
WC713347,0.000534
WC713348,0.002794
WC713349,0.001656
WC713350,0.004526
WC713351,0.003073
WC713352,0.000298
WC713353,5.3e-05
WC713354,0.000145
WC713355,0.000346
WC713356,6.5e-05
WC713357,0.000224
WC713358,0.000188
WC713359,0.002382
WC713360,0.000282
WC713361,0.000743
WC713362,0.000802
WC713363,0.000593
WC713364,0.001146
WC713365,0.000333
WC713366,0.000695
WC713367,0.046145
WC713368,0.008532
WC713369,3.4e-05
WC713370,0.002029
WC713371,0.025125
WC713372,0.075227
WC713373,8.7e-05
WC713374,0.000496
WC713375,0.000302
WC713376,0.000171
WC713377,0.001534
WC713378,4.6e-05
WC713379,0.000368
WC713380,0.000511
WC713381,5.5e-05
WC713382,0.008553
WC713383,0.000614
WC713384,0.000794
WC713385,0.000145
WC713386,6e-05
WC713387,0.000401
WC713388,0.000264
WC713389,0.000633
WC713390,0.000586
WC713391,0.00011
WC713392,0.281156
WC713393,0.000924
WC713394,0.000471
WC713395,0.001002
WC713396,0.000113
WC713397,0.043225
WC713398,0.000363
WC713399,0.000164
WC713400,0.124701
WC713401,0.00057
WC713402,0.000298
WC713403,0.146781
WC713404,4.1e-05
WC713405,0.000391
WC713406,0.000824
WC713407,6.2e-05
WC713408,0.000111
WC713409,0.000428
WC713410,5.2e-05
WC713411,6.2e-05
WC713412,0.00015
WC713413,0.002721
WC713414,0.00132
WC713415,0.000834
WC713416,4.7e-05
WC713417,0.026383
WC713418,0.550212
WC713419,0.000123
WC713420,0.000248
WC713421,0.000205
WC713422,0.000146
WC713423,0.008382
WC713424,0.011891
WC713425,0.000565
WC713426,0.00078
WC713427,0.000484
WC713428,0.000145
WC713429,0.000747
WC713430,0.000263
WC713431,0.000107
WC713432,6.5e-05
WC713433,0.004248
WC713434,0.000229
WC713435,0.000223
WC713436,4.6e-05
WC713437,0.000661
WC713438,0.006261
WC713439,0.575686
WC713440,0.004845
WC713441,1.8e-05
WC713442,0.005315
WC713443,0.000647
WC713444,0.001102
WC713445,0.071861
WC713446,0.001112
WC713447,0.000753
WC713448,1.5e-05
WC713449,0.024728
WC713450,9.8e-05
WC713451,0.000121
WC713452,0.204337
WC713453,0.000694
WC713454,0.00069
WC713455,0.694985
WC713456,0.000104
WC713457,9.9e-05
WC713458,0.000417
WC713459,4.2e-05
WC713460,0.00117
WC713461,0.004414
WC713462,0.000182
WC713463,1.2e-05
WC713464,0.000172
WC713465,9.1e-05
WC713466,0.000163
WC713467,0.000292
WC713468,0.00118
WC713469,0.000385
WC713470,7.8e-05
WC713471,0.000847
WC713472,0.000353
WC713473,0.880305
WC713474,8.8e-05
WC713475,6.3e-05
WC713476,0.001194
WC713477,0.000391
WC713478,0.00029
WC713479,0.000322
WC713480,0.000129
WC713481,0.016971
WC713482,0.00064
WC713483,7.8e-05
WC713484,1.4e-05
WC713485,0.177248
WC713486,0.00058
WC713487,0.000158
WC713488,0.000482
WC713489,0.000713
WC713490,0.000233
WC713491,0.000882
WC713492,0.271478
WC713493,0.001615
WC713494,0.000115
WC713495,0.00163
WC713496,0.001716
WC713497,0.679809
WC713498,0.000351
WC713499,8e-05
WC713500,4.8e-05
WC713501,0.000571
WC713502,0.000554
WC713503,0.000292
WC713504,0.000874
WC713505,0.00021
WC713506,0.000795
WC713507,0.104361
WC713508,0.044374
WC713509,0.000585
WC713510,7.3e-05
WC713511,0.000195
WC713512,0.000615
WC713513,0.000493
WC713514,0.509077
WC713515,0.102237
WC713516,0.000257
WC713517,0.000156
WC713518,6.6e-05
WC713519,0.002796
WC713520,0.000199
WC713521,2.6e-05
WC713522,0.000276
WC713523,0.004322
WC713524,0.000184
WC713525,0.000107
WC713526,0.000569
WC713527,7.2e-05
WC713528,0.081388
WC713529,0.00189
WC713530,1.3e-05
WC713531,0.001604
WC713532,0.002039
WC713533,0.000528
WC713534,0.733321
WC713535,9.2e-05
WC713536,0.008883
WC713537,9.5e-05
WC713538,0.000108
WC713539,0.003356
WC713540,0.001771
WC713541,0.000684
WC713542,0.027718
WC713543,0.000285
WC713544,0.000411
WC713545,0.000123
WC713546,0.683885
WC713547,9e-05
WC713548,0.000147
WC713549,0.000143
WC713550,0.000196
WC713551,0.021185
WC713552,0.012658
WC713553,0.003303
WC713554,5.1e-05
WC713555,3.6e-05
WC713556,0.000565
WC713557,0.000307
WC713558,0.008686
WC713559,0.000206
WC713560,0.000179
WC713561,0.000122
WC713562,0.002019
WC713563,8.1e-05
WC713564,0.000163
WC713565,0.000903
WC713566,0.000381
WC713567,0.000522
WC713568,0.00026
WC713569,0.000394
WC713570,0.000272
WC713571,0.381124
WC713572,0.000344
WC713573,0.438694
WC713574,5e-05
WC713575,0.000339
WC713576,0.000699
WC713577,0.000166
WC713578,9e-05
WC713579,0.00051
WC713580,9.4e-05
WC713581,0.004226
WC713582,0.005854
WC713583,0.000682
WC713584,0.000977
WC713585,0.042045
WC713586,0.004549
WC713587,0.001231
WC713588,0.000309
WC713589,0.000132
WC713590,0.000183
WC713591,0.002154
WC713592,0.000159
WC713593,0.000681
WC713594,0.000242
WC713595,0.000151
WC713596,0.000478
WC713597,0.00011
WC713598,0.000554
WC713599,0.000103
